신몹 나왔다! 명적룡 무페토 지바 [몬스터헌터 월드: 아이스본],9:08:31,845,3시간 전,녹두로 월드,구독자 17.1만명
어... 이게 무슨 상황이죠? 흔한 함께배틀 [슈퍼마리오 메이커2],34:03,170647,3일 전,녹두로 월드,구독자 17.1만명
그래서 초록옷 입은애가 젤다맞죠? [슈퍼마리오 메이커2],20:25,111142,4일 전,녹두로 월드,구독자 17.1만명
새로운 모드! 실력겜 닌군 타임어택 [슈퍼마리오 메이커2],17:08,116889,5일 전,녹두로 월드,구독자 17.1만명
저혈압 치료사 개역겨운 버터플 [포켓몬스터 소드 실드] 랭크배틀,1:33:51,59946,1주 전,녹두로 월드,구독자 17.1만명
세상에서 제일 더러운맵 만들기 [슈퍼마리오 메이커2],34:15,192538,1주 전,녹두로 월드,구독자 17.1만명
너무 반갑다! 슈마메 신규 업데이트 [슈퍼마리오 메이커2],20:30,143012,1주 전,녹두로 월드,구독자 17.1만명
언제나 평화로운 함께배틀 [슈퍼마리오 메이커2],38:49,173222,2주 전,녹두로 월드,구독자 17.1만명
신개념탈 VS 원조탈 [포켓몬스터 소드 실드] 랭크배틀,2:42:28,121754,2주 전,녹두로 월드,구독자 17.1만명
얘보다 예쁜 이로치는 없을걸? 핑크 빙큐보 [포켓몬스터 소드 실드],2:22,74252,2주 전,녹두로 월드,구독자 17.1만명
더럽게 어려운맵을 모아봤습니다 [슈퍼마리오 메이커2],10:11,118236,3주 전,녹두로 월드,구독자 17.1만명
아무도 이 포켓몬을 믿지 않았다 [포켓몬스터 소드 실드] 랭크배틀,2:09:48,129509,3주 전,녹두로 월드,구독자 17.1만명
이건좀 아니지 않나요? 인기맵 탐방 [슈퍼마리오 메이커2],26:29,132493,3주 전,녹두로 월드,구독자 17.1만명
[포켓몬스터 소드 실드] 8화 - 스토리 끝,3:31:53,30315,3주 전,녹두로 월드,구독자 17.1만명
[포켓몬스터 소드 실드] 7화,2:48:58,26931,3주 전,녹두로 월드,구독자 17.1만명
[포켓몬스터 소드 실드] 6화,2:59:09,22356,4주 전,녹두로 월드,구독자 17.1만명
[포켓몬스터 소드 실드] 5화,3:15:24,24872,4주 전,녹두로 월드,구독자 17.1만명
[포켓몬스터 소드 실드] 4화,3:15:18,41480,1개월 전,녹두로 월드,구독자 17.1만명
[포켓몬스터 소드 실드] 3화,3:05:39,43884,1개월 전,녹두로 월드,구독자 17.1만명
[포켓몬스터 소드 실드] 2화,2:19:44,43713,1개월 전,녹두로 월드,구독자 17.1만명
[포켓몬스터 소드 실드] 1화,2:26:23,114725,1개월 전,녹두로 월드,구독자 17.1만명
아무도 안눌러? 날먹쟁이들 머리 딱 대라 [슈퍼마리오 메이커2],42:46,196408,1개월 전,녹두로 월드,구독자 17.1만명
그저 P점프 하는 영상 [슈퍼마리오 메이커2],9:03,120450,1개월 전,녹두로 월드,구독자 17.1만명
마리오를 뽑으면 이깁니다 [슈퍼마리오 메이커2],28:27,162805,1개월 전,녹두로 월드,구독자 17.1만명
미안해 버섯순이야... 인성질의 최후 [슈퍼마리오 메이커2],25:22,155183,1개월 전,녹두로 월드,구독자 17.1만명
[루이지 맨션 3] 루이지의 기묘한 호텔 탐험 - 8화 (끝),3:41:44,68859,1개월 전,녹두로 월드,구독자 17.1만명
[루이지 맨션 3] 루이지의 기묘한 호텔 탐험 - 7화,1:36:35,31727,1개월 전,녹두로 월드,구독자 17.1만명
본인 방금 6000점 가는 상상함ㅋㅋ [슈퍼마리오 메이커2],24:38,182956,1개월 전,녹두로 월드,구독자 17.1만명
승패는 모르겠고 이껍질은 나의것이다 [슈퍼마리오 메이커2],31:08,141818,1개월 전,녹두로 월드,구독자 17.1만명
[루이지 맨션 3] 루이지의 기묘한 호텔 탐험 - 6화,2:54:39,51005,1개월 전,녹두로 월드,구독자 17.1만명
[루이지 맨션 3] 루이지의 기묘한 호텔 탐험 - 5화,3:08:04,60505,1개월 전,녹두로 월드,구독자 17.1만명
이건 혁명이다! 뉴메타 4인 서서도 [슈퍼마리오 메이커2],42:17,190000,1개월 전,녹두로 월드,구독자 17.1만명
[루이지 맨션 3] 루이지의 기묘한 호텔 탐험 - 4화,2:22:57,61028,1개월 전,녹두로 월드,구독자 17.1만명
[루이지 맨션 3] 루이지의 기묘한 호텔 탐험 - 3화,2:33:01,62797,1개월 전,녹두로 월드,구독자 17.1만명
이거 보기보다 어렵다니까요?! [링피트 어드벤처],2:41:54,42341,1개월 전,녹두로 월드,구독자 17.1만명
형 제발 그손 놓지마 [슈퍼마리오 메이커2],32:27,185472,1개월 전,녹두로 월드,구독자 17.1만명
[루이지 맨션 3] 루이지의 기묘한 호텔 탐험 - 2화,2:23:20,72896,1개월 전,녹두로 월드,구독자 17.1만명
[루이지 맨션 3] 루이지의 기묘한 호텔 탐험 - 1화,2:08:14,174031,1개월 전,녹두로 월드,구독자 17.1만명
이것이 배틀이다ㅋㅋ 상상도 못한 승리 [슈퍼마리오 메이커2],39:04,253723,1개월 전,녹두로 월드,구독자 17.1만명
이게임을 하고나서 다음날 걷지못하게됐습니다 [링피트 어드벤처],2:12:37,70107,1개월 전,녹두로 월드,구독자 17.1만명
사람잡는 신개념 헬스게임 [링피트 어드벤처],1:49:38,222785,1개월 전,녹두로 월드,구독자 17.1만명
이순간이 올때면 언제나 새롭고 짜릿해 [슈퍼마리오 메이커2],23:12,179913,1개월 전,녹두로 월드,구독자 17.1만명
위막고 중단막고 아래막고 개열받는게임 2탄 [드리븐 아웃],7:29:11,42382,1개월 전,녹두로 월드,구독자 17.1만명
이차는 이제 제껍니다 ^_^ [슈퍼마리오 메이커2],26:05,172743,1개월 전,녹두로 월드,구독자 17.1만명
시청자와 함께하는 더러운 낚시맵 [슈퍼마리오 메이커2],29:20,149524,2개월 전,녹두로 월드,구독자 17.1만명
어? 곰곰이 생각해봐도 열받네? [슈퍼마리오 메이커2],31:54,179954,2개월 전,녹두로 월드,구독자 17.1만명
세상에서 제일 정신사나운맵 [슈퍼마리오 메이커2],33:30,151015,2개월 전,녹두로 월드,구독자 17.1만명
오늘도 평화로운 싱글벙글 함께배틀 [슈퍼마리오 메이커2],22:17,190443,2개월 전,녹두로 월드,구독자 17.1만명
이번엔 팀전이다 2:2 배틀 [슈퍼마리오 메이커2],21:23,170468,2개월 전,녹두로 월드,구독자 17.1만명
이제부터 이 파이프는 못지나갑니다2 [슈퍼마리오 메이커2],40:09,239461,2개월 전,녹두로 월드,구독자 17.1만명
돌아버릴수도 있습니다. 자비없는 시계맵 [슈퍼마리오 메이커2],28:35,139905,2개월 전,녹두로 월드,구독자 17.1만명
이기기 위해서라면 뭔들 못하리오 [슈퍼마리오 메이커2],33:36,177709,2개월 전,녹두로 월드,구독자 17.1만명
이제부터 이 파이프는 못지나갑니다 [슈퍼마리오 메이커2],29:46,259278,2개월 전,녹두로 월드,구독자 17.1만명
이게 협동으로 가능할까? 답은 '서서도'다 [슈퍼마리오 메이커2],26:01,165994,2개월 전,녹두로 월드,구독자 17.1만명
티배깅을 한다고? 내가 반드시 복수를 할것이야 [슈퍼마리오 메이커2],31:07,169508,2개월 전,녹두로 월드,구독자 17.1만명
이 화면에서 1초면 깰수있는 맵 [슈퍼마리오 메이커2],10:26,237435,2개월 전,녹두로 월드,구독자 17.1만명
못지나감ㅋㅋ 강해져서 돌아온 쿠파 [슈퍼마리오 메이커2],32:02,140272,2개월 전,녹두로 월드,구독자 17.1만명
죽음의 줄다리기 패자는 용암행 [슈퍼마리오 메이커2],32:03,208907,2개월 전,녹두로 월드,구독자 17.1만명
몬스터헌터 월드: 아이스본 #17,5:39:12,8003,2개월 전,녹두로 월드,구독자 17.1만명
몬스터헌터 월드: 아이스본 #16,6:36:37,4746,2개월 전,녹두로 월드,구독자 17.1만명
가만히 기다리는 루이지 [슈퍼마리오 메이커2],25:59,156761,2개월 전,녹두로 월드,구독자 17.1만명
너무 억울하여 그만 정신을 잃고 말았습니다 [슈퍼마리오 메이커2],31:07,193599,2개월 전,녹두로 월드,구독자 17.1만명
거위가 깽판부리는 게임 (Untitled Goose Game),2:59:36,87233,2개월 전,녹두로 월드,구독자 17.1만명
화가 많이난 파란버섯돌이 [슈퍼마리오 메이커2],26:19,178223,2개월 전,녹두로 월드,구독자 17.1만명
나만 풀템을 띄웠다고? 압도적 화력 [슈퍼마리오 메이커2],26:30,129215,2개월 전,녹두로 월드,구독자 17.1만명
클리어하는데 20시간 걸린 미친 쉘점맵 [슈퍼마리오 메이커2],1:53,122162,3개월 전,녹두로 월드,구독자 17.1만명
몬스터헌터 월드: 아이스본 #15,7:29:07,6782,3개월 전,녹두로 월드,구독자 17.1만명
몬스터헌터 월드: 아이스본 #14,7:55:32,5340,3개월 전,녹두로 월드,구독자 17.1만명
누가 진정한 버섯인가 우열가리기 [슈퍼마리오 메이커2],29:29,172348,3개월 전,녹두로 월드,구독자 17.1만명
몬스터헌터 월드: 아이스본 #13,2:13:23,6638,3개월 전,녹두로 월드,구독자 17.1만명
몬스터헌터 월드: 아이스본 #12,5:20:35,7343,3개월 전,녹두로 월드,구독자 17.1만명
더러운 낚시맵이구만? 버섯연합 결성 [슈퍼마리오 메이커2],24:39,151314,3개월 전,녹두로 월드,구독자 17.1만명
몬스터헌터 월드: 아이스본 #11,5:09:31,6399,3개월 전,녹두로 월드,구독자 17.1만명
몬스터헌터 월드: 아이스본 #10,4:52:16,7197,3개월 전,녹두로 월드,구독자 17.1만명
선착순 한명만 탈수있다 [슈퍼마리오 메이커2],28:30,201838,3개월 전,녹두로 월드,구독자 17.1만명
몬스터헌터 월드: 아이스본 #9,3:34:55,9235,3개월 전,녹두로 월드,구독자 17.1만명
몬스터헌터 월드: 아이스본 #8,2:09:31,7958,3개월 전,녹두로 월드,구독자 17.1만명
몬스터헌터 월드: 아이스본 #7,2:03:33,5621,3개월 전,녹두로 월드,구독자 17.1만명
몬스터헌터 월드: 아이스본 #6,2:22:21,6517,3개월 전,녹두로 월드,구독자 17.1만명
몬스터헌터 월드: 아이스본 #5,1:58:24,8623,3개월 전,녹두로 월드,구독자 17.1만명
몬스터헌터 월드: 아이스본 #4,2:08:32,12166,3개월 전,녹두로 월드,구독자 17.1만명
몬스터헌터 월드: 아이스본 #3,2:10:05,9084,3개월 전,녹두로 월드,구독자 17.1만명
몬스터헌터 월드: 아이스본 #2,2:12:15,15756,3개월 전,녹두로 월드,구독자 17.1만명
몬스터헌터 월드: 아이스본 #1,2:12:41,52014,3개월 전,녹두로 월드,구독자 17.1만명
두뇌풀가동 배탈출하기 협동모드 [슈퍼마리오 메이커2],23:54,155797,3개월 전,녹두로 월드,구독자 17.1만명
둘중 하나는 죽어야한다 자강두천 [슈퍼마리오 메이커2],24:07,178577,3개월 전,녹두로 월드,구독자 17.1만명
절대 P스위치를 누르지 마시오 [슈퍼마리오 메이커2],46:59,181705,3개월 전,녹두로 월드,구독자 17.1만명
이걸 뚫을 수 있겠나? 삼대장 출동 [슈퍼마리오 메이커2],31:13,207513,3개월 전,녹두로 월드,구독자 17.1만명
코인을 999개 모아오라 시키면 벌어지는일 [슈퍼마리오 메이커2],29:17,197743,3개월 전,녹두로 월드,구독자 17.1만명
오늘도 평화로운 함께배틀 [슈퍼마리오 메이커2],29:41,208839,3개월 전,녹두로 월드,구독자 17.1만명
클리어율 0% 깰자신 있는사람 드루와 [슈퍼마리오 메이커2] 지옥의 계단,32:34,195742,3개월 전,녹두로 월드,구독자 17.1만명
이젠 이런것도 되나? 신기술 부활쉘점 [슈퍼마리오 메이커2],41:28,208495,3개월 전,녹두로 월드,구독자 17.1만명
4명이서는 절대 못깨는맵 [슈퍼마리오 메이커2],31:43,224986,3개월 전,녹두로 월드,구독자 17.1만명
아니 이걸 다피하면서 뚫고가라고?? [슈퍼마리오 메이커2],25:29,229956,4개월 전,녹두로 월드,구독자 17.1만명
세상에 이럴수있나 형제 연끊어버릴각 [슈퍼마리오 메이커2],38:16,230009,4개월 전,녹두로 월드,구독자 17.1만명
악착같이 따라오는 독버섯을 피하시오 [슈퍼마리오 메이커2],29:16,171433,4개월 전,녹두로 월드,구독자 17.1만명
하늘이 저를 돕나봅니다 초록 사기맵 [슈퍼마리오 메이커2],30:30,280422,4개월 전,녹두로 월드,구독자 17.1만명
이게임은 아무리생각해도 미쳐버린것 같아 [슈퍼마리오 메이커2],5:25,143142,4개월 전,녹두로 월드,구독자 17.1만명
얘 왜 날아다님? 하늘 멍멍이맵 [슈퍼마리오 메이커2],36:40,131703,4개월 전,녹두로 월드,구독자 17.1만명
차라리 다리를 잘라줘 개고통 착지 금지맵 [슈퍼마리오 메이커2],28:03,143458,4개월 전,녹두로 월드,구독자 17.1만명
누군가 눌러주겠지ㅋㅋ 극한의 이기주의 [슈퍼마리오 메이커2],18:41,194359,4개월 전,녹두로 월드,구독자 17.1만명
좋아요를 안누를수가 없다! 3D 월드맵 특집 [슈퍼마리오 메이커2],20:23,212941,4개월 전,녹두로 월드,구독자 17.1만명
누가누가 인성킹인지 겨뤄보자 [슈퍼마리오 메이커2],33:17,348954,4개월 전,녹두로 월드,구독자 17.1만명
뭘먹으면 이런 아이디어가 나오는걸까 [슈퍼마리오 메이커2],24:39,177681,4개월 전,녹두로 월드,구독자 17.1만명
마리오1을 압축시켰다! 근본이 넘치네 [슈퍼마리오 메이커2],36:13,203548,4개월 전,녹두로 월드,구독자 17.1만명
밤하늘맵! 느낌이 달라도 너무 다른맛 [슈퍼마리오 메이커2],22:13,94600,4개월 전,녹두로 월드,구독자 17.1만명
세계 랭킹 1위 달성! 이런 날이 올줄이야 [슈퍼마리오 메이커2],1:12:04,403644,4개월 전,녹두로 월드,구독자 17.1만명
마리오 어려운맵의 대명사 판가맵 [슈퍼마리오 메이커2],27:45,172749,4개월 전,녹두로 월드,구독자 17.1만명
한목숨 남았는데 내가 만든맵이 나왔다 [슈퍼마리오 메이커2],40:48,614625,4개월 전,녹두로 월드,구독자 17.1만명
이번엔 끝까지 가보겠습니다 [슈퍼마리오 메이커2],56:23,154971,4개월 전,녹두로 월드,구독자 17.1만명
인기맵! 슬슬 까시가 많아질 시기 [슈퍼마리오 메이커2],20:03,116515,4개월 전,녹두로 월드,구독자 17.1만명
요시 입으로 들어갔다가 똥꼬로 나오는맵 [슈퍼마리오 메이커2],29:38,174607,5개월 전,녹두로 월드,구독자 17.1만명
생존게임 어디까지 마리오 [슈퍼마리오 메이커2],26:08,220184,5개월 전,녹두로 월드,구독자 17.1만명
살기 위해선 어쩔 수 없다. 극한의 쫄보 플레이 [슈퍼마리오 메이커2],29:03,144381,5개월 전,녹두로 월드,구독자 17.1만명
클리어율 0% 맵을 깨보겠습니다 [슈퍼마리오 메이커2],10:44,295825,5개월 전,녹두로 월드,구독자 17.1만명
단순한것 같은데 어렵고 재미지군? [슈퍼마리오 메이커2],20:00,111504,5개월 전,녹두로 월드,구독자 17.1만명
롤 승급전도 이거보단 덜하겠다 [슈퍼마리오 메이커2],28:32,294589,5개월 전,녹두로 월드,구독자 17.1만명
그저 위로 올라가기만 하면 되는데 [슈퍼마리오 메이커2],18:41,96371,5개월 전,녹두로 월드,구독자 17.1만명
아... 이건 좀 너무하지 않나요? [슈퍼마리오 메이커2],22:44,142976,5개월 전,녹두로 월드,구독자 17.1만명
프레디의 피자가게를 마리오로? [슈퍼마리오 메이커2],34:10,180048,5개월 전,녹두로 월드,구독자 17.1만명
슈마메2의 미래가 밝습니다 [슈퍼마리오 메이커2],48:54,198662,5개월 전,녹두로 월드,구독자 17.1만명
누구나 할수있는 슈퍼볼 미니게임 [슈퍼마리오 메이커2] 슈퍼볼 파티,14:45,113698,5개월 전,녹두로 월드,구독자 17.1만명
나온지 일주일도 안된 게임인데...? [슈퍼마리오 메이커2],26:37,176292,5개월 전,녹두로 월드,구독자 17.1만명
더럽고 야비하고 치사하면 이깁니다 [슈퍼마리오 메이커2],25:16,317353,5개월 전,녹두로 월드,구독자 17.1만명
이것이 바로 '협력'이라는 것이다 [슈퍼마리오 메이커2],25:16,215205,5개월 전,녹두로 월드,구독자 17.1만명
[슈퍼마리오 메이커2] 스토리 모드 마지막맵,2:55,43896,5개월 전,녹두로 월드,구독자 17.1만명
지금까지와는 다른맛! 쿵쿵이 스피드런 [슈퍼마리오 메이커2],25:42,297216,5개월 전,녹두로 월드,구독자 17.1만명
마리오 종결템. 뚝배기 다부숴버립니다 [슈퍼마리오 메이커2],22:55,186221,5개월 전,녹두로 월드,구독자 17.1만명
게임오버 될때까지 간다! 어디까지 마리오 [슈퍼마리오 메이커2],53:41,137181,5개월 전,녹두로 월드,구독자 17.1만명
이번 자작맵은 저중력 기믹! [슈퍼마리오 메이커2] 저중력 트레이닝,22:47,97612,5개월 전,녹두로 월드,구독자 17.1만명
카이조 기술이 바뀌었습니다 [슈퍼마리오 메이커2],9:27,66268,5개월 전,녹두로 월드,구독자 17.1만명
어떤 맵이 나오나? 슈퍼익스 인기맵 [슈퍼마리오 메이커2],1:16:38,282329,5개월 전,녹두로 월드,구독자 17.1만명
맵하나 만들어봤습니다 [슈퍼마리오 메이커2] 천국의 계단,35:41,152296,5개월 전,녹두로 월드,구독자 17.1만명
이제는 멀티가 됩니다! 간닷ㅋㅋ [슈퍼마리오 메이커2],1:50:15,122401,5개월 전,녹두로 월드,구독자 17.1만명
[슈퍼마리오 메이커2] 스토리 모드 3화,2:45:15,80806,5개월 전,녹두로 월드,구독자 17.1만명
[슈퍼마리오 메이커2] 스토리 모드 2화,2:46:32,138701,5개월 전,녹두로 월드,구독자 17.1만명
[슈퍼마리오 메이커2] 스토리 모드 1화,2:49:22,292009,5개월 전,녹두로 월드,구독자 17.1만명
이맛에 슈마메 합니다 [슈퍼마리오 메이커] 마지막,5:51,121641,5개월 전,녹두로 월드,구독자 17.1만명
티가렉스 해머 4:36 [몬스터헌터 월드 아이스본 베타],5:17,7873,5개월 전,녹두로 월드,구독자 17.1만명
나는 무슨 맵을 만들었었나 [슈퍼마리오 메이커],1:48:18,202977,5개월 전,녹두로 월드,구독자 17.1만명
[몬스터헌터 월드] 아이스본 체험판,6:13:51,14972,5개월 전,녹두로 월드,구독자 17.1만명
이거 이상한데...? 기묘한 슈퍼익스 [슈퍼마리오 메이커],25:00,90700,5개월 전,녹두로 월드,구독자 17.1만명
까시에 미쳐버린 제작자 [슈퍼마리오 메이커],17:23,53944,5개월 전,녹두로 월드,구독자 17.1만명
[마리오 로얄] 단체로 즐기는 마리오 (팬게임),1:41:31,75712,5개월 전,녹두로 월드,구독자 17.1만명
화면 안보고 훈수만으로 깨봄 [슈퍼마리오 메이커],40:32,172704,6개월 전,녹두로 월드,구독자 17.1만명
젤다의전설X네크로댄서 [케이던스 오브 하이랄] 4화,57:51,9714,6개월 전,녹두로 월드,구독자 17.1만명
젤다의전설X네크로댄서 [케이던스 오브 하이랄] 3화,2:02:02,9306,6개월 전,녹두로 월드,구독자 17.1만명
젤다의전설X네크로댄서 [케이던스 오브 하이랄] 2화,2:03:28,15661,6개월 전,녹두로 월드,구독자 17.1만명
젤다의전설X네크로댄서 [케이던스 오브 하이랄] 1화,2:12:08,59154,6개월 전,녹두로 월드,구독자 17.1만명
나만의 레스토랑을 가졌다 [요리 시뮬레이터] 2화,2:52:06,8403,6개월 전,녹두로 월드,구독자 17.1만명
[모여봐요 동물의 숲] 동숲 신작이 나온답니다,26:18,32642,6개월 전,녹두로 월드,구독자 17.1만명
젤다의 전설: 야생의 숨결 2 공개!,1:27,68593,6개월 전,녹두로 월드,구독자 17.1만명
나만의 레스토랑을 가졌다 [요리 시뮬레이터] 1화,5:02:50,21774,6개월 전,녹두로 월드,구독자 17.1만명
어...음... 넘어가기가 조금 쫌 [슈퍼마리오 메이커],21:47,85806,6개월 전,녹두로 월드,구독자 17.1만명
지능 상승 게임 [박스보이 + 박스걸],6:29:21,63310,6개월 전,녹두로 월드,구독자 17.1만명
닌텐도는 뭐하냐 이분 안데려가고 [슈퍼마리오 메이커],23:38,323813,6개월 전,녹두로 월드,구독자 17.1만명
행복 마리오~ 몸이 건강해지는 좋은맵 [슈퍼마리오 메이커],24:46,105156,6개월 전,녹두로 월드,구독자 17.1만명
옳게 된 맵이란 이런것입니다 [슈퍼마리오 메이커],18:55,65225,6개월 전,녹두로 월드,구독자 17.1만명
냥트로이드? 귀여운 떼껄룩이 나옵니다 [Gato Roboto],3:11:11,15453,6개월 전,녹두로 월드,구독자 17.1만명
뭘 어떻게 깨라는지 감이 안온다 [슈퍼마리오 메이커],36:28,102861,6개월 전,녹두로 월드,구독자 17.1만명
외발자전거 타고 나아가는 게임 [발란셀롯],5:58:12,13801,6개월 전,녹두로 월드,구독자 17.1만명
나는 분명히 점프를 뛰었다 [슈퍼마리오 메이커],35:05,85847,6개월 전,녹두로 월드,구독자 17.1만명
레이맨 레전드 [4화] 무엇하나 아쉬울거 없는 갓겜,2:56:46,7400,6개월 전,녹두로 월드,구독자 17.1만명
나만 종결 못먹었냐... 역전왕 맘타로트 [몬스터헌터 월드],1:54:38,5766,6개월 전,녹두로 월드,구독자 17.1만명
초치는거같아 미안한데 사실 이겜 똥겜임 [슈퍼마리오 메이커],35:28,233191,7개월 전,녹두로 월드,구독자 17.1만명
[슈퍼마리오 메이커2] 새로운 소개영상! 너무 갓겜이라 눈물이 난다,1:36:23,200713,7개월 전,녹두로 월드,구독자 17.1만명
뭐야? 평범한 슈퍼익스잖아? [슈퍼마리오 메이커],34:31,135541,7개월 전,녹두로 월드,구독자 17.1만명
아이스본 대비 역전왕이란것좀 잡아봅시다 [몬스터헌터 월드],2:29:55,5804,7개월 전,녹두로 월드,구독자 17.1만명
역전왕 네르기간테한테 머리뜯김 [몬스터헌터 월드],3:27:47,9932,7개월 전,녹두로 월드,구독자 17.1만명
점프 하나로 끝장을 보는 게임 [점프킹],6:17:38,17879,7개월 전,녹두로 월드,구독자 17.1만명
솔직히 스킵할때는 스킵해야합니다 [슈퍼마리오 메이커],29:27,122630,7개월 전,녹두로 월드,구독자 17.1만명
말이 필요없는 최고난도 폭탄맵 [슈퍼마리오 메이커],2:14,35664,7개월 전,녹두로 월드,구독자 17.1만명
레이맨 레전드 [3화] 무엇하나 아쉬울거 없는 갓겜,2:02:57,4667,7개월 전,녹두로 월드,구독자 17.1만명
레이맨 레전드 [2화] 무엇하나 아쉬울거 없는 갓겜,1:58:13,6341,7개월 전,녹두로 월드,구독자 17.1만명
레이맨 레전드 [1화] 무엇하나 아쉬울거 없는 갓겜,1:56:38,19463,7개월 전,녹두로 월드,구독자 17.1만명
슈퍼마리오 메이커 강좌 (3/3),15:28,28435,7개월 전,녹두로 월드,구독자 17.1만명
슈퍼마리오 메이커 강좌 (2/3),29:42,42614,7개월 전,녹두로 월드,구독자 17.1만명
슈퍼마리오 메이커 강좌 (1/3),24:27,61881,7개월 전,녹두로 월드,구독자 17.1만명
고작 40KB로 만든 게임 [마이크로 메이지스],1:30:21,16715,7개월 전,녹두로 월드,구독자 17.1만명
로봇이 등산하는 게임 [그로우 홈],3:05:30,12589,7개월 전,녹두로 월드,구독자 17.1만명
[슈퍼 마리오 메이커 2] 새로 공개된 사진,24:27,40398,7개월 전,녹두로 월드,구독자 17.1만명
폭탄과 닭이 나오는 갓겜 [봄 치킨],3:18:52,35738,7개월 전,녹두로 월드,구독자 17.1만명
왼쪽막고 오른쪽막고 위막고 개빡치는게임 [바스타드 테일],2:17:52,14641,7개월 전,녹두로 월드,구독자 17.1만명
이것들 날라오는거 다 피하면 됨 [슈퍼마리오 메이커],30:54,85354,7개월 전,녹두로 월드,구독자 17.1만명
끄트머리에 딱 걸치는 맵 [슈퍼마리오 메이커],32:46,74371,7개월 전,녹두로 월드,구독자 17.1만명
닭이 계란을 옮기는 게임 (egg is broken. heart is too),2:06:01,26466,8개월 전,녹두로 월드,구독자 17.1만명
프로 맵믈리에의 인기맵 탐방 [슈퍼마리오 메이커],29:29,63219,8개월 전,녹두로 월드,구독자 17.1만명
[엔터 더 건전] 소드건이 이렇게 좋은거였어...?,1:34:11,16029,8개월 전,녹두로 월드,구독자 17.1만명
[엔터 더 건전] 리치 패버리는 갈매기관총,1:29:38,5801,8개월 전,녹두로 월드,구독자 17.1만명
[엔터 더 건전] 이거 완전 치트잖아? 새로생긴 무지개 모드,2:30:09,6702,8개월 전,녹두로 월드,구독자 17.1만명
[엔터 더 건전] 신규 DLC 4.5층 구경갑시다,1:59:34,7475,8개월 전,녹두로 월드,구독자 17.1만명
"낚는 사람, 안낚이려는 사람 창과방패 [슈퍼마리오 메이커]",32:07,210817,8개월 전,녹두로 월드,구독자 17.1만명
요시 크래프트 월드 [11화] 끝,2:01:03,42460,8개월 전,녹두로 월드,구독자 17.1만명
요시 크래프트 월드 [10화],3:13:43,18715,8개월 전,녹두로 월드,구독자 17.1만명
요시 크래프트 월드 [9화],1:44:51,13517,8개월 전,녹두로 월드,구독자 17.1만명
튜브 바늘로 찔러서 터트리고싶다 [슈퍼마리오 메이커],1:59:37,69342,8개월 전,녹두로 월드,구독자 17.1만명
요시 크래프트 월드 [8화],2:40:43,17690,8개월 전,녹두로 월드,구독자 17.1만명
요시 크래프트 월드 [7화],2:28:36,16030,8개월 전,녹두로 월드,구독자 17.1만명
오늘은 좋은 맵들을 들고 왔습니다 [슈퍼마리오 메이커],25:34,51608,8개월 전,녹두로 월드,구독자 17.1만명
요시 크래프트 월드 [6화],2:28:22,17842,8개월 전,녹두로 월드,구독자 17.1만명
요시 크래프트 월드 [5화],2:22:42,18878,8개월 전,녹두로 월드,구독자 17.1만명
요시 크래프트 월드 [4화],1:51:43,20482,8개월 전,녹두로 월드,구독자 17.1만명
요시 크래프트 월드 [3화],1:37:49,20490,8개월 전,녹두로 월드,구독자 17.1만명
요시 크래프트 월드 [2화],1:50:07,37642,8개월 전,녹두로 월드,구독자 17.1만명
요시 크래프트 월드 [1화],2:31:18,111313,8개월 전,녹두로 월드,구독자 17.1만명
어려워 죽겠다 일본풍 다크소울 [세키로] 15화 - 엔딩,3:24:05,4565,8개월 전,녹두로 월드,구독자 17.1만명
어려워 죽겠다 일본풍 다크소울 [세키로] 14화,2:03:48,1547,8개월 전,녹두로 월드,구독자 17.1만명
어려워 죽겠다 일본풍 다크소울 [세키로] 13화,2:06:38,1541,8개월 전,녹두로 월드,구독자 17.1만명
어려워 죽겠다 일본풍 다크소울 [세키로] 12화,2:29:39,1428,8개월 전,녹두로 월드,구독자 17.1만명
어려워 죽겠다 일본풍 다크소울 [세키로] 11화,2:00:42,1602,8개월 전,녹두로 월드,구독자 17.1만명
어려워 죽겠다 일본풍 다크소울 [세키로] 10화,2:05:21,1331,8개월 전,녹두로 월드,구독자 17.1만명
어려워 죽겠다 일본풍 다크소울 [세키로] 9화,2:09:43,1629,8개월 전,녹두로 월드,구독자 17.1만명
어려워 죽겠다 일본풍 다크소울 [세키로] 8화,2:27:28,3445,8개월 전,녹두로 월드,구독자 17.1만명
어려워 죽겠다 일본풍 다크소울 [세키로] 7화,2:17:50,2054,8개월 전,녹두로 월드,구독자 17.1만명
어려워 죽겠다 일본풍 다크소울 [세키로] 6화,2:03:27,1883,8개월 전,녹두로 월드,구독자 17.1만명
어려워 죽겠다 일본풍 다크소울 [세키로] 5화,2:01:32,2345,8개월 전,녹두로 월드,구독자 17.1만명
어려워 죽겠다 일본풍 다크소울 [세키로] 4화,2:47:19,3220,8개월 전,녹두로 월드,구독자 17.1만명
어려워 죽겠다 일본풍 다크소울 [세키로] 3화,2:01:41,3279,8개월 전,녹두로 월드,구독자 17.1만명
어려워 죽겠다 일본풍 다크소울 [세키로] 2화,2:08:24,3631,8개월 전,녹두로 월드,구독자 17.1만명
어려워 죽겠다 일본풍 다크소울 [세키로] 1화,2:11:55,14094,8개월 전,녹두로 월드,구독자 17.1만명
이번엔 깨겠습니다. 블러드본 7화 (끝),27:26,3191,8개월 전,녹두로 월드,구독자 17.1만명
이번엔 깨겠습니다. 블러드본 6화,2:16:07,1218,8개월 전,녹두로 월드,구독자 17.1만명
이번엔 깨겠습니다. 블러드본 5화,2:36:17,1593,8개월 전,녹두로 월드,구독자 17.1만명
이번엔 깨겠습니다. 블러드본 4화,3:02:44,2226,8개월 전,녹두로 월드,구독자 17.1만명
이번엔 깨겠습니다. 블러드본 3화,2:11:57,1676,8개월 전,녹두로 월드,구독자 17.1만명
이번엔 깨겠습니다. 블러드본 2화,2:40:17,2011,8개월 전,녹두로 월드,구독자 17.1만명
이번엔 깨겠습니다. 블러드본 1화,2:31:38,10226,8개월 전,녹두로 월드,구독자 17.1만명
아니 뭔 죄다 똥맵이야 [슈퍼마리오 메이커],38:14,206592,9개월 전,녹두로 월드,구독자 17.1만명
클리어율 0.02% 핵폭탄급 매운맵 [슈퍼마리오 메이커],24:19,169831,9개월 전,녹두로 월드,구독자 17.1만명
이게임 하고나서 다음날 손이 안움직임 [미친 수족관],3:47:15,43240,9개월 전,녹두로 월드,구독자 17.1만명
별의 귀네,3:09:21,67756,9개월 전,녹두로 월드,구독자 17.1만명
멘탈이 날아가지않게 주의하시오 [슈퍼마리오 메이커],30:04,129893,9개월 전,녹두로 월드,구독자 17.1만명
다크소울이 아니라 덕소울,58:22,27021,9개월 전,녹두로 월드,구독자 17.1만명
너무 순하다니까 매운맛을 드립니다 [슈퍼마리오 메이커],27:38,143386,9개월 전,녹두로 월드,구독자 17.1만명
근본력 충만! 킹끔갓라워 참전 [대난투 슈퍼 스매시 브라더스 얼티밋],5:23:54,36335,9개월 전,녹두로 월드,구독자 17.1만명
도둑이 돼서 다 훔쳐보는 게임 [도둑 시뮬레이터] 2화,2:14:04,3787,9개월 전,녹두로 월드,구독자 17.1만명
도둑이 돼서 다 훔쳐보는 게임 [도둑 시뮬레이터] 1화,2:19:07,7370,9개월 전,녹두로 월드,구독자 17.1만명
순한맛으로 즐기면 행복 마리오 가능 [슈퍼마리오 메이커],38:29,288590,9개월 전,녹두로 월드,구독자 17.1만명
요시 너무 귀엽다,27:51,134523,9개월 전,녹두로 월드,구독자 17.1만명
녹두로의 몬스터헌터 월드 (PC) #39,1:25:36,6911,9개월 전,녹두로 월드,구독자 17.1만명
녹두로의 몬스터헌터 월드 (PC) #38,4:30:02,2680,9개월 전,녹두로 월드,구독자 17.1만명
녹두로의 몬스터헌터 월드 (PC) #37,2:59:57,2953,9개월 전,녹두로 월드,구독자 17.1만명
[슬레이 더 스파이어] 마법사 진엔딩 (디펙터),2:14:31,8081,9개월 전,녹두로 월드,구독자 17.1만명
[슬레이 더 스파이어] 전사 진엔딩 (아이언클래드),2:16:48,4744,9개월 전,녹두로 월드,구독자 17.1만명
[슬레이 더 스파이어] 도적 진엔딩 (사일런트),4:34:05,6849,9개월 전,녹두로 월드,구독자 17.1만명
슈퍼마리오 메이커 2 나온다!!! 나는 믿고 있었습니다 닌텐도,13:15,158804,10개월 전,녹두로 월드,구독자 17.1만명
2019년에 나올 닌텐도 스위치 게임들 [닌텐도 다이렉트] 19-02-14,55:09,81873,10개월 전,녹두로 월드,구독자 17.1만명
[슬레이 더 스파이어] 디펙트 3화 (다키스톤),1:25:49,4198,10개월 전,녹두로 월드,구독자 17.1만명
[슬레이 더 스파이어] 디펙트 2화 (다키스톤),1:28:30,3066,10개월 전,녹두로 월드,구독자 17.1만명
[슬레이 더 스파이어] 디펙트 1화 (다키스톤),1:01:37,6787,10개월 전,녹두로 월드,구독자 17.1만명
까시 성애자들의 맵을 봐보자 [슈퍼마리오 메이커],11:53,102255,10개월 전,녹두로 월드,구독자 17.1만명
떨어지는 것을 다 피하기만 하면 된다. 쉽지? [슈퍼마리오 메이커],18:23,93848,10개월 전,녹두로 월드,구독자 17.1만명
[슬레이 더 스파이어] 사일런트 3화 (다키스톤),1:52:12,3195,10개월 전,녹두로 월드,구독자 17.1만명
[슬레이 더 스파이어] 사일런트 2화 (다키스톤),2:00:04,2208,10개월 전,녹두로 월드,구독자 17.1만명
[슬레이 더 스파이어] 사일런트 1화 (다키스톤),2:03:04,5297,10개월 전,녹두로 월드,구독자 17.1만명
제작자 최소 강태공; 안낚일수 없는 낚시맵 [슈퍼마리오 메이커],33:46,286254,10개월 전,녹두로 월드,구독자 17.1만명
[슬레이 더 스파이어] 아이언클래드 3화 (다키스톤),2:05:34,4300,10개월 전,녹두로 월드,구독자 17.1만명
[슬레이 더 스파이어] 아이언클래드 2화 (다키스톤),2:14:30,3264,10개월 전,녹두로 월드,구독자 17.1만명
[슬레이 더 스파이어] 아이언클래드 1화 (다키스톤),2:13:59,12033,10개월 전,녹두로 월드,구독자 17.1만명
뉴 슈퍼 루이지 U [9화] 완결,40:31,72939,10개월 전,녹두로 월드,구독자 17.1만명
뉴 슈퍼 루이지 U [8화],30:06,36621,10개월 전,녹두로 월드,구독자 17.1만명
뉴 슈퍼 루이지 U [7화],38:25,52014,10개월 전,녹두로 월드,구독자 17.1만명
뉴 슈퍼 루이지 U [6화],41:33,38796,10개월 전,녹두로 월드,구독자 17.1만명
뉴 슈퍼 루이지 U [5화],50:39,52674,10개월 전,녹두로 월드,구독자 17.1만명
뉴 슈퍼 루이지 U [4화],31:40,38761,10개월 전,녹두로 월드,구독자 17.1만명
뉴 슈퍼 루이지 U [3화],42:04,46084,10개월 전,녹두로 월드,구독자 17.1만명
뉴 슈퍼 루이지 U [2화],34:39,62633,10개월 전,녹두로 월드,구독자 17.1만명
뉴 슈퍼 루이지 U [1화],37:54,164185,10개월 전,녹두로 월드,구독자 17.1만명
놀이동산 만드는 게임! 파키텍트 (Parkitect) #5,3:06:23,6636,10개월 전,녹두로 월드,구독자 17.1만명
뉴슈퍼마리오 브라더스 U 디럭스 [과제모드] 코인,3:36:58,90935,10개월 전,녹두로 월드,구독자 17.1만명
