이거 꼬리 아니고 XX야ㅎㅎ | 주간 핫클립,8:25,32537,19시간 전,마뫄,구독자 11.7만명
인형뽑기에 25만원 쓴 나,10:15,32713,2일 전,마뫄,구독자 11.7만명
'코'성... 직접 당해봤습니다.,8:24,62355,4일 전,마뫄,구독자 11.7만명
GTA5 막자 [2화] 좀 비켜!!!!! 이 고인물들아!!!!! 😭,10:33,40003,6일 전,마뫄,구독자 11.7만명
GTA5로 막자 켠왕을 해봤습니다ㅋㅋㅋ 하... [1화],11:11,47196,1주 전,마뫄,구독자 11.7만명
와! 정.말. 무.섭.다.,5:08,24924,1주 전,마뫄,구독자 11.7만명
우리는 최강의 콤비!,10:16,24783,1주 전,마뫄,구독자 11.7만명
괴롭히기 초고수 김마뫄 | 주간 핫클립,9:35,40093,1주 전,마뫄,구독자 11.7만명
뭔가 불편해지는 영상,7:30,38859,2주 전,마뫄,구독자 11.7만명
똥겜 장인의 병맛 전쟁 시뮬레이터ㅋㅋㅋㅋ,6:49,30911,2주 전,마뫄,구독자 11.7만명
넌씨눈 김마뫄,6:10,47714,2주 전,마뫄,구독자 11.7만명
(대충 캠켜고 인형 팬다는 제목) | 주간 핫클립,7:03,47283,3주 전,마뫄,구독자 11.7만명
이제까지 여러분을 속여왔습니다.,7:29,37498,3주 전,마뫄,구독자 11.7만명
뫄이코패스... 암살을 하랬더니...,8:35,50877,3주 전,마뫄,구독자 11.7만명
때릴 거야????? 때릴 거야?????,9:09,73252,3주 전,마뫄,구독자 11.7만명
마뫄가 금붕어에게 죄 짓는 영상,5:44,52527,4주 전,마뫄,구독자 11.7만명
이... 이거 ㅁㅇㅁㅇ인가...? | 주간 핫클립,7:48,74131,1개월 전,마뫄,구독자 11.7만명
카스 숨바꼭질 바보 플레이ㅋㅋㅋㅋㅋ,9:22,42111,1개월 전,마뫄,구독자 11.7만명
마뫄가 바보인가 아닌가에 대한 고찰,10:02,82351,1개월 전,마뫄,구독자 11.7만명
뿌아아아아앙 뫄토바이 ON,7:11,69801,1개월 전,마뫄,구독자 11.7만명
슈마메 최약체가 여기 있습니다...,8:26,54193,1개월 전,마뫄,구독자 11.7만명
귀여운 동생들 앞에서 꼰머짓 하기ㅋㅋ,13:49,70107,1개월 전,마뫄,구독자 11.7만명
폭탄을 막으려고 했는데 막는 방법이... | 병맛겜,8:20,38530,1개월 전,마뫄,구독자 11.7만명
친해지길 바라~ 하는데 방해꾼이 두 명..,10:21,50038,1개월 전,마뫄,구독자 11.7만명
쓰레기는 쓰레기통에,16:44,62836,1개월 전,마뫄,구독자 11.7만명
트수는 이렇게 생겼을 것 같아,7:37,61337,1개월 전,마뫄,구독자 11.7만명
흑화한 빅헤드를 막아라 😱,12:48,30428,1개월 전,마뫄,구독자 11.7만명
바보 네 명이 공포게임 하는 법! 호엥,10:51,48048,1개월 전,마뫄,구독자 11.7만명
더 해주시면 안돼요? | 주간 핫클립,8:10,71263,1개월 전,마뫄,구독자 11.7만명
메이플 퀘스트 하다가 울었습니다...,21:23,47547,1개월 전,마뫄,구독자 11.7만명
저 그림이 마뫄라고....?,8:24,81204,1개월 전,마뫄,구독자 11.7만명
코렛트님 샤샤샥이라고 해봐요,7:29,70001,1개월 전,마뫄,구독자 11.7만명
그렇다고 욕을 하냥 | 주간 핫클립,8:38,67171,2개월 전,마뫄,구독자 11.7만명
마뫄야 꿀꺽 소리 좀 안나게 해라,11:15,65117,2개월 전,마뫄,구독자 11.7만명
8분 안에 열받게 해드립니다ㅎㅎ,8:13,44509,2개월 전,마뫄,구독자 11.7만명
똑똑하다고 해줘잉 해줘잉!!!! | 주간 핫클립,9:25,85222,2개월 전,마뫄,구독자 11.7만명
치킨 켠왕 스쿼드 다시보기!,2:48:16,14558,2개월 전,마뫄,구독자 11.7만명
역대급 케미.. 이게 뭐야..?,11:37,93953,2개월 전,마뫄,구독자 11.7만명
합방을 이따구로 하는 사람들이 어딨어,7:51,32372,2개월 전,마뫄,구독자 11.7만명
오늘도 놀림받는 내 인생,8:14,70310,2개월 전,마뫄,구독자 11.7만명
조디악님과 우리 결투했어요 💔,8:22,70709,2개월 전,마뫄,구독자 11.7만명
마뫄 개못핵 모음 | 주간 핫클립,7:12,34807,2개월 전,마뫄,구독자 11.7만명
이쯤 되면 포기할 법도 한데...,6:57,69205,2개월 전,마뫄,구독자 11.7만명
70만 유튜버 김마뫄,7:08,100679,2개월 전,마뫄,구독자 11.7만명
코렛트님 예능 배그 월드컵ㅋㅋㅋㅋㅋㅋㅋㅋ 레전드,11:34,127368,2개월 전,마뫄,구독자 11.7만명
매드무비를 요청했더니 개그무비가 나왔습니다.,5:34,52479,2개월 전,마뫄,구독자 11.7만명
10만 → 9만  → 10만  → 9만 | 주간 핫클립,9:31,125563,2개월 전,마뫄,구독자 11.7만명
말해 YES or NO!!!!!!!!! 😱,7:31,37962,2개월 전,마뫄,구독자 11.7만명
수험생이 보면 안되는 영상 (왕왕의 저주),11:14,175732,2개월 전,마뫄,구독자 11.7만명
마뫄와 뫄법의 소라고동,3:12,50331,2개월 전,마뫄,구독자 11.7만명
제 방송이 흥할 수 있을까요?,8:26,25098,3개월 전,마뫄,구독자 11.7만명
술 먹고 개가 되었습니다.,10:53,117580,3개월 전,마뫄,구독자 11.7만명
??? : 공포게임 하나도 안무서움 ㅋㅋ,12:46,52934,3개월 전,마뫄,구독자 11.7만명
또 도박 영상입니다.,7:45,58458,3개월 전,마뫄,구독자 11.7만명
뫄튜브 추석 특선 예고 😋,1:14,25436,3개월 전,마뫄,구독자 11.7만명
트수가 시키는대로 다 해봄ㅋㅋㅋ,9:58,38852,3개월 전,마뫄,구독자 11.7만명
엄마 아빠 이 영상 보지마 😭,11:20,45923,3개월 전,마뫄,구독자 11.7만명
저 우결 안합니다 | 주간 핫클립,10:02,53001,3개월 전,마뫄,구독자 11.7만명
튜토리얼만 하고 20만원 지르기ㅎㅎ,6:50,107334,3개월 전,마뫄,구독자 11.7만명
살려주세요.,10:08,43397,3개월 전,마뫄,구독자 11.7만명
마뫄는 백설공주 🤮 | 주간 핫클립,9:37,54262,3개월 전,마뫄,구독자 11.7만명
죽음의 다이빙대.. 개장했습니다 💀,8:03,38771,3개월 전,마뫄,구독자 11.7만명
[2화] 소름돋는 반전... 마피아는 바로...!!!!!,10:35,27042,3개월 전,마뫄,구독자 11.7만명
[1화] 마피아는 누구? 명탐정 마뫄 간다!,10:37,40438,3개월 전,마뫄,구독자 11.7만명
개 같은 망뫙이 | 주간 핫클립,8:39,75139,3개월 전,마뫄,구독자 11.7만명
합방중에 멤버들이 갑자기 사라진다면?,11:48,80922,3개월 전,마뫄,구독자 11.7만명
[2화] 실프님 제발 한 번만요,10:10,92754,4개월 전,마뫄,구독자 11.7만명
[1화] 러스트 도박에 빠진 나,9:00,59535,4개월 전,마뫄,구독자 11.7만명
짜히님한테 혼나는 영상 | 주간 핫클립,9:29,187726,4개월 전,마뫄,구독자 11.7만명
연애 상담 해드립니다,7:13,37211,4개월 전,마뫄,구독자 11.7만명
악녀님과 듀오를 하고 싶었습니다 😔,12:02,46918,4개월 전,마뫄,구독자 11.7만명
탬탬님.. 문 좀 열어주세요..,9:52,67760,4개월 전,마뫄,구독자 11.7만명
마뫄의 포포서버 마지막 이야기,10:02,123222,4개월 전,마뫄,구독자 11.7만명
잉어킹으로부터 마을을 지켜라!,7:35,86742,4개월 전,마뫄,구독자 11.7만명
저 고백 받았습니다 💔,5:07,73107,4개월 전,마뫄,구독자 11.7만명
마뫄 + 기타 = ??? | 주간 핫클립,10:01,92522,4개월 전,마뫄,구독자 11.7만명
감블러 컷 ㅋㅋ 댕웃긴 고지전 에피소드!,9:07,127617,4개월 전,마뫄,구독자 11.7만명
투보님... 그 곳에선 행복하길...,11:07,95480,4개월 전,마뫄,구독자 11.7만명
행복한 고민에 빠진 나,10:02,147135,4개월 전,마뫄,구독자 11.7만명
이번 핫클립은 정말 알찹니다 | 주간 핫클립,9:19,60880,4개월 전,마뫄,구독자 11.7만명
포켓몬 가챠를 돌렸더니 또 전설이...?,10:03,130483,4개월 전,마뫄,구독자 11.7만명
2주년 전화데이트 (with. 개츄얼) 📞,12:11,39675,4개월 전,마뫄,구독자 11.7만명
서버 최초로 전설 포켓몬을 잡다!!? 😱,5:46,136713,5개월 전,마뫄,구독자 11.7만명
포켓몬 특집! 재밌는 짜잘이 모음💛 | 주간 핫클립,7:49,64630,5개월 전,마뫄,구독자 11.7만명
최고의 포켓몬 트레이너가 될 거야!,10:41,192862,5개월 전,마뫄,구독자 11.7만명
멋있는 게임도 마뫄가 하면...,6:52,54198,5개월 전,마뫄,구독자 11.7만명
입덕이란 이런 걸까?,8:10,31182,5개월 전,마뫄,구독자 11.7만명
엄마가 된 나,6:44,27260,5개월 전,마뫄,구독자 11.7만명
의미심장한 똥구멍,5:31,29009,5개월 전,마뫄,구독자 11.7만명
제5의 멤버 구하기? 나만 아니면 돼...!,10:24,56005,5개월 전,마뫄,구독자 11.7만명
제트기를 이겼습니다 | 주간 핫클립,10:00,58879,5개월 전,마뫄,구독자 11.7만명
복숭아 덕후 김마뫄의 최후,4:57,29807,5개월 전,마뫄,구독자 11.7만명
술 먹방 후.. 술 취한 아저씨 게임을 한다면..? 🤮,7:34,46121,5개월 전,마뫄,구독자 11.7만명
마뫄의 그땐 그랬지 | 방송 초기 이야기,7:26,25480,6개월 전,마뫄,구독자 11.7만명
으아악 조보아씨 내려와봐유!!! | 쿠킹 시뮬레이터,9:40,30619,6개월 전,마뫄,구독자 11.7만명
??? : 도네이션으로 혼내준다! | 주간 핫클립,10:15,49177,6개월 전,마뫄,구독자 11.7만명
맛있는 토스트 배달 왔습니다~~,9:02,24865,6개월 전,마뫄,구독자 11.7만명
앞머리 망한 마뫄와 놀리는 트수들😡,6:28,142968,6개월 전,마뫄,구독자 11.7만명
썸넬러님 옥상으로 따라와 | 주간 핫클립,9:29,44189,6개월 전,마뫄,구독자 11.7만명
상자깡 하다가 상자랑 대화했어요ㅋㅋㅋ | 옵치 100개 상자깡,12:11,83788,6개월 전,마뫄,구독자 11.7만명
웃겨서 배 아픈 영상 | 휴먼 폴 플랫,7:54,245803,6개월 전,마뫄,구독자 11.7만명
도박중독 신고는 1336 | 주간 핫클립,10:01,53302,6개월 전,마뫄,구독자 11.7만명
마뫄특) 생각이 깊고 지혜로움,10:01,27555,6개월 전,마뫄,구독자 11.7만명
지옥행 버스 출발합니다. 꽉 잡으세요^^,6:15,33334,6개월 전,마뫄,구독자 11.7만명
??? : 봄모노세요? 합격.,5:35,45246,6개월 전,마뫄,구독자 11.7만명
이 겜을 이렇게 한다고...? 왜...? | 포탈1,10:02,38052,6개월 전,마뫄,구독자 11.7만명
마뫄의 웃음소리에 대하여 | 주간 핫클립,11:12,147068,6개월 전,마뫄,구독자 11.7만명
뭐야 내 게임기 돌려줘요 | 엄마는 게임을 숨겼다,6:50,25689,6개월 전,마뫄,구독자 11.7만명
머독님 짜란다 짜란다~~~ | 옵치 공방 비하인드,12:50,19036,7개월 전,마뫄,구독자 11.7만명
가정부 구합니다ㅎㅎ | 주간 핫클립,10:22,28157,7개월 전,마뫄,구독자 11.7만명
마뫄는 청초합니다,4:50,31002,7개월 전,마뫄,구독자 11.7만명
이게 '진짜' 카트라이더다! 💩 병맛주의,7:02,33200,7개월 전,마뫄,구독자 11.7만명
오버워치 공식방송 1등팀 간다!!!!!  | 기록보관소,17:11,20819,7개월 전,마뫄,구독자 11.7만명
나 이거 줄 때까지 안간다!!!!!!!!!,8:47,55560,7개월 전,마뫄,구독자 11.7만명
누가 봐도 마뫄잖아 =ㅅ=... 꾸물거리는 인디겜!,8:00,66365,7개월 전,마뫄,구독자 11.7만명
게임할 때 마뫄의 표정은? 개츄얼 ON 🙀,8:41,75717,7개월 전,마뫄,구독자 11.7만명
순수한 친구들 누르지 마세요 🔥,9:29,35040,7개월 전,마뫄,구독자 11.7만명
표정을 인식하는 개츄얼 시스템 도입! | 주간 핫클립,7:19,232698,8개월 전,마뫄,구독자 11.7만명
도넛 대신 귀여운 구멍을 드리겠슴니당 🍩 | 도넛 카운티,7:46,26701,8개월 전,마뫄,구독자 11.7만명
방송 전역했습니다. 그동안 감사했습니다!,9:30,65113,8개월 전,마뫄,구독자 11.7만명
목숨을 건 방탈출 게임! 똥겜인 줄 알았더니 갓겜이자너?,7:51,13485,8개월 전,마뫄,구독자 11.7만명
트수가 세상에서 제일 유치해!!! | 주간 핫클립,9:35,80821,8개월 전,마뫄,구독자 11.7만명
옆집에서 민원 들어왔던 '그 게임',7:11,32848,8개월 전,마뫄,구독자 11.7만명
한 가정의 비극을 다룬 공포겜 | 스토리 명작 디보션 (Devotion),2:37:31,18953,8개월 전,마뫄,구독자 11.7만명
마뫄 인생 최악의 날 | 홍콩 썰 #3,10:43,16973,8개월 전,마뫄,구독자 11.7만명
이걸 어떻게 깨ㅠㅠㅠ | 세키로 하이라이트,10:05,28614,8개월 전,마뫄,구독자 11.7만명
마뫄가 가장 공격적으로 변하는 순간 | 홍콩 썰 #2,8:47,32692,8개월 전,마뫄,구독자 11.7만명
여행 가서 스스로가 창피해진 나  | 홍콩 썰 #1,10:21,24367,8개월 전,마뫄,구독자 11.7만명
아빠가... 생방송 구독을...?,8:47,380412,8개월 전,마뫄,구독자 11.7만명
뫄굴뫄굴,7:01,34346,8개월 전,마뫄,구독자 11.7만명
그녀들 사이에서 돋보이는 나 | 주간 핫클립,8:23,293675,8개월 전,마뫄,구독자 11.7만명
네? 도박으로 빚을 갚으라고요...?  | 병맛 쯔꾸르,9:11,56774,8개월 전,마뫄,구독자 11.7만명
자타공인 세쿠시 마뫄,10:23,59135,8개월 전,마뫄,구독자 11.7만명
영어 못하면 화를 내는 음성인식 게임!,11:08,39734,8개월 전,마뫄,구독자 11.7만명
역대급 티키타카 선생님을 만났습니다 | 배그 랜덤듀오,9:36,33109,8개월 전,마뫄,구독자 11.7만명
아부지!!!! 돌 굴러가유~~~!!!!!!,8:48,52455,8개월 전,마뫄,구독자 11.7만명
제발 앞으로 좀 가게 해주세요!!!!!!!!!,14:51,117024,9개월 전,마뫄,구독자 11.7만명
이런 시청자는 미워요 ( ˃̣̣̥᷄⌓˂̣̣̥᷅ ),10:01,18243,9개월 전,마뫄,구독자 11.7만명
마뫄가 10분동안 물풍선에 갇혀있는 영상,13:51,61419,9개월 전,마뫄,구독자 11.7만명
뫄토바이 뿌아아앙!!!!!!!!,10:02,48155,9개월 전,마뫄,구독자 11.7만명
제발 구독 취소 하지마ㅠㅠㅠ | 주간 핫클립,8:41,208513,9개월 전,마뫄,구독자 11.7만명
마뫄의 첫 캠방(?),10:50,585439,9개월 전,마뫄,구독자 11.7만명
맞출 수 있으면 맞춰보시지!,9:40,65955,9개월 전,마뫄,구독자 11.7만명
뫄트라이더 매드무비,2:19,25206,9개월 전,마뫄,구독자 11.7만명
마크 왕초보의 케이크집 만들기.*✧,12:51,36009,9개월 전,마뫄,구독자 11.7만명
쥬니버 게임랜드 서비스종료... 추억 잊지 않을게ㅠㅠ,10:50,35037,9개월 전,마뫄,구독자 11.7만명
수출 죄 'Song' 합니다 | 주간 핫클립,6:24,113576,9개월 전,마뫄,구독자 11.7만명
술 취한 마뫄 그리고 오버워치,8:47,41558,9개월 전,마뫄,구독자 11.7만명
인형 쓰다듬기 권위자.. 인형뽑기.. 20만원..,9:19,37157,9개월 전,마뫄,구독자 11.7만명
절대음감 인증합니다. | 원 핸드 클래핑 풀영상,25:55,13877,9개월 전,마뫄,구독자 11.7만명
마뫄 음치 아니라고!!!!!!!! | 원 핸드 클래핑,5:15,72835,9개월 전,마뫄,구독자 11.7만명
방음부스를 기다리는 자  | 주간 핫클립,5:28,43102,9개월 전,마뫄,구독자 11.7만명
개 똥 겜 | 마이너 울트라 어드벤처,7:28,34821,9개월 전,마뫄,구독자 11.7만명
마뫄랑 보는 사랑 그림책❤️ 플로렌스~,52:47,11177,9개월 전,마뫄,구독자 11.7만명
(하얀 종이),8:32,71463,9개월 전,마뫄,구독자 11.7만명
만취한 친구를 자취방에 데려왔어요...,7:34,29871,9개월 전,마뫄,구독자 11.7만명
가장 맛있어 보이는 포켓몬은? 이상한 월드컵 모음 (´•ω•̥̥̥`),10:05,42765,9개월 전,마뫄,구독자 11.7만명
옆집에서 민원 들어왔습니다.. | 주간 핫클립,7:00,119458,9개월 전,마뫄,구독자 11.7만명
마뫄/인성/논란,9:24,32388,10개월 전,마뫄,구독자 11.7만명
귀여우니까 참는다! 피쿠니쿠!,3:39:24,58175,10개월 전,마뫄,구독자 11.7만명
김마뫌!!!! 일어나!!!!!!!!!,6:57,29255,10개월 전,마뫄,구독자 11.7만명
게임하다 오열한 김마뫄 (24세),19:08,109770,10개월 전,마뫄,구독자 11.7만명
"아름다움으로 마뫄를 울린 게임, GRIS",3:36:21,21530,10개월 전,마뫄,구독자 11.7만명
Q&A 답변이 도착했습니당 •'-'•)و,11:41,81651,10개월 전,마뫄,구독자 11.7만명
1월 마뫄 핫클립 모음!,10:11,88931,10개월 전,마뫄,구독자 11.7만명
오버워치에서 현실 선물이 왔다룽!!!!!,14:07,35849,10개월 전,마뫄,구독자 11.7만명
트수들 괴롭히기! 휴먼 폴 플랫 (°꒳°*),10:01,96400,10개월 전,마뫄,구독자 11.7만명
12월 마뫄 핫클립 모음!,10:14,80837,11개월 전,마뫄,구독자 11.7만명
제 손이 이상해요ㅠㅠ,9:26,50152,11개월 전,마뫄,구독자 11.7만명
중고나라에서 비트코인을 산 흑우가 있다!?,10:19,61192,11개월 전,마뫄,구독자 11.7만명
베이컨! 찹!,59:12,74092,11개월 전,마뫄,구독자 11.7만명
마뫄는 말 안들어 (❛ڡ❛ ) 스탠리 패러블!,2:32:06,84107,1년 전,마뫄,구독자 11.7만명
11월 마뫄 핫클립 모음!,10:09,194092,1년 전,마뫄,구독자 11.7만명
지옥에서 온 마뫄냥이 (^._.^)ﾉ,10:03,164587,1년 전,마뫄,구독자 11.7만명
핫하! 위대한 사신 마뫄님이시다! 데스커밍(DeathComing),4:34:31,92928,1년 전,마뫄,구독자 11.7만명
[마뫄] 시리야!!!!!!!!!!!!!,10:03,107134,1년 전,마뫄,구독자 11.7만명
[마뫄] 피자 아티스트 김마뫄,10:11,78861,1년 전,마뫄,구독자 11.7만명
[마뫄] 꼬르륵 소리 무엇? 치킨 월드컵~,10:15,52943,1년 전,마뫄,구독자 11.7만명
[마뫄] 10분동안 휘리릭 하는 영상,11:09,148987,1년 전,마뫄,구독자 11.7만명
[마뫄] 체리 다 내꺼야!!! 츄첼 (Chuchel),2:13:03,71039,1년 전,마뫄,구독자 11.7만명
[마뫄] 가그님과 식당을 차렸습니다!,10:44,101870,1년 전,마뫄,구독자 11.7만명
[마뫄] 닉네임을... 들켰습니다...,10:39,245244,1년 전,마뫄,구독자 11.7만명
마뫄 X 탬탬버린 듀오 (부제 : 잃어버린 1000시간) #2 (완),16:24,254019,1년 전,마뫄,구독자 11.7만명
마뫄 X 탬탬버린 듀오 (부제 : 잃어버린 1000시간) #1,16:23,167647,1년 전,마뫄,구독자 11.7만명
[마뫄] 문어 아빠의 생존기! 옥토대드 (OctoDad) #3 (완),29:42,8639,1년 전,마뫄,구독자 11.7만명
[마뫄] 문어 아빠의 생존기! 옥토대드 (OctoDad) #2,57:29,8644,1년 전,마뫄,구독자 11.7만명
[마뫄] 문어 아빠의 생존기! 옥토대드 (OctoDad) #1,1:03:09,29371,1년 전,마뫄,구독자 11.7만명
[마뫄] 아키네이터 네 이놈!!!!!!!!!,14:47,304783,1년 전,마뫄,구독자 11.7만명
[마뫄] 우 당 탕 탕,7:22,88854,1년 전,마뫄,구독자 11.7만명
[마뫄] 벌칙 켠왕 아웃라스트 #1,1:36:32,96375,1년 전,마뫄,구독자 11.7만명
[마뫄] 벌칙 켠왕 아웃라스트 #2 (완),1:41:54,27726,1년 전,마뫄,구독자 11.7만명
[마뫄] 배꼽 잡는 유사 배그! 퀴진 로얄 (Cuisine Royale),11:46,69638,1년 전,마뫄,구독자 11.7만명
[마뫄] 가그님과 인생내기 #2 (완),16:51,187276,1년 전,마뫄,구독자 11.7만명
[마뫄] 가그님과 소원내기 #1,14:07,66250,1년 전,마뫄,구독자 11.7만명
[마뫄] 오버워치 부산맵이 나왔다구? 우당탕탕 부산맵 탐방!,11:02,47740,1년 전,마뫄,구독자 11.7만명
[마뫄] 오이! 너 내 두목이 돼라! 컨셉 배그 랜덤듀오,18:41,76899,1년 전,마뫄,구독자 11.7만명
