호오오 이것이 나의 운세??,10:33,23187,2일 전,오요,구독자 12.2만명
살아야헿..헤헤ㅔ 미쳐따..헿,10:01,29630,4일 전,오요,구독자 12.2만명
야! 괜찮아 마셔마셔 짠~!!,12:07,116133,1주 전,오요,구독자 12.2만명
블개냥이 흠냐흠냐..,10:01,62087,1주 전,오요,구독자 12.2만명
술먹고 공파리파님께 실수했어요ㅠㅠ,11:26,134651,1주 전,오요,구독자 12.2만명
술 취한채로 코아님의 전화를 받았더니..,10:01,175687,2주 전,오요,구독자 12.2만명
딸기떡볶이vs초고추장커피국밥,10:01,41310,2주 전,오요,구독자 12.2만명
후움 이게 모지이~? 이게 왜 여기있지?,10:19,77321,2주 전,오요,구독자 12.2만명
가고 싶으면 어디한번 말해봐..^^,10:32,49423,2주 전,오요,구독자 12.2만명
'그' 애교,10:27,70435,2주 전,오요,구독자 12.2만명
많이 좋아해요!,12:11,129938,3주 전,오요,구독자 12.2만명
프리랜서에요^^...,6:01,57604,3주 전,오요,구독자 12.2만명
내가...망개보다 못하다니.........,10:01,46447,3주 전,오요,구독자 12.2만명
코아 오빠..?/////,10:20,135998,4주 전,오요,구독자 12.2만명
슈의 라면집 고인물..,3:00,62993,1개월 전,오요,구독자 12.2만명
애(s)덕,10:00,42055,1개월 전,오요,구독자 12.2만명
코아님이 변한것 같아요ㅠㅠ,4:46,112693,1개월 전,오요,구독자 12.2만명
전 SKT선수가 인정한 유미장인(?),6:09,28882,1개월 전,오요,구독자 12.2만명
아잉~~ 애.덕.선.배.님? 귀여운 후배 오요입니다 !,7:00,31522,1개월 전,오요,구독자 12.2만명
제발!! 이번에는 1등 꼭 하고 싶어요ㅠㅠ,11:01,21565,1개월 전,오요,구독자 12.2만명
동생아 사랑해.. 웃어야지?^^,13:59,99565,1개월 전,오요,구독자 12.2만명
아뜨아뜨!!! 불탄다으아ㅏ,10:15,46943,1개월 전,오요,구독자 12.2만명
내 작고 소듕한 코아님..♥,10:01,225315,1개월 전,오요,구독자 12.2만명
눈물 한 바가지 쏟은 파인딩파라다이스 (투더문 후속작) Full ver,6:12:11,15056,1개월 전,오요,구독자 12.2만명
vr 챗..모르는 사람들 앞에서 노래 불렀습니다 ㅠㅠ,10:23,38906,1개월 전,오요,구독자 12.2만명
악녀님과의 마지막 번호빵! (이었던..것..),10:06,58588,1개월 전,오요,구독자 12.2만명
자.. 술 드신 블개님께 어떤걸 시켜 볼까요?,10:00,197217,1개월 전,오요,구독자 12.2만명
코아님과 한 침대에서..,10:03,227050,1개월 전,오요,구독자 12.2만명
냥냥..(대충 핫클립 이라는 뜻),10:02,65728,1개월 전,오요,구독자 12.2만명
코아님께서 저에게 고백을 했어요..,10:27,268386,1개월 전,오요,구독자 12.2만명
악녀 주인님의 1등 노예가 될테야!,10:03,27642,2개월 전,오요,구독자 12.2만명
코..코아님 저 마린인데요ㅠㅠ흐엥,12:26,137727,2개월 전,오요,구독자 12.2만명
올레와 1일 우결 #2,2:18,25371,2개월 전,오요,구독자 12.2만명
올레와 1일 우결 #1,2:39,30224,2개월 전,오요,구독자 12.2만명
우리 .. 하루만 사귈까?,10:01,77243,2개월 전,오요,구독자 12.2만명
이샘님!! 으어아아아 이러면 안돼요!!,7:07,35948,2개월 전,오요,구독자 12.2만명
우리 헤어졌어요..,6:29,65456,2개월 전,오요,구독자 12.2만명
주인님 번호가 너무 받고 싶어요 ㅠㅠ,10:02,25240,2개월 전,오요,구독자 12.2만명
은행에 방밍아웃 당해따 후,4:05,61056,2개월 전,오요,구독자 12.2만명
배그 치킨 못 먹을 줄 알고 내기했다 애교 했습니다ㅠ,11:55,22672,2개월 전,오요,구독자 12.2만명
[8월 핫클립] ㅇ..이렇게요..?,7:33,79688,2개월 전,오요,구독자 12.2만명
미안.. 난 이사람 아니면 안되나봐..,8:04,68854,2개월 전,오요,구독자 12.2만명
역대급 설레는 연하남../////,10:01,117272,2개월 전,오요,구독자 12.2만명
도대체 어디서부터 잘못된걸까..,10:04,104872,2개월 전,오요,구독자 12.2만명
"공포게임,, 따위 하나도 안무서워ㅠㅠ 진짜야ㅠㅠ",10:03,53224,2개월 전,오요,구독자 12.2만명
(논란) 스트리머 오요 도박하다 숨져..,5:03,48863,2개월 전,오요,구독자 12.2만명
아..아잉 오빠 한번만요오ㅠㅠ,10:02,129476,2개월 전,오요,구독자 12.2만명
전데를 했다! 트수들 귀엽네..?,5:12,55974,3개월 전,오요,구독자 12.2만명
나쁜남자가 끌리는 이유..(w.김똘복),10:50,99867,3개월 전,오요,구독자 12.2만명
주인님이 생겼다냥! (w.악녀주인님),10:02,137032,3개월 전,오요,구독자 12.2만명
똘복님 지금 저희집에 아무도 없는데..ㅎㅎ,12:22,183130,3개월 전,오요,구독자 12.2만명
트수그림을 그렸는데.. 손님들이 욕을..,5:36,62260,3개월 전,오요,구독자 12.2만명
블개님께 애교를 시켰어요! [2편],13:00,187541,3개월 전,오요,구독자 12.2만명
도저히 결말을 예측할수 없을거시야!! [1편],10:41,75476,3개월 전,오요,구독자 12.2만명
게임 알려주신다더니 막 때려요ㅠ(w.고래쉬),5:14,58770,3개월 전,오요,구독자 12.2만명
네?! 블개님!? 아기가 어떻게 생기냐구여???,10:00,275541,3개월 전,오요,구독자 12.2만명
투보님VS블개님?! 골라보세요!!,10:08,154151,3개월 전,오요,구독자 12.2만명
[러스트] 살려주세요ㅠㅠㅠ저는 그냥 파밍만했어요ㅠㅠ,7:43,32669,3개월 전,오요,구독자 12.2만명
뀨뀨 이번 섬네일은 귀여움으로 승부한다..!!,9:54,101309,3개월 전,오요,구독자 12.2만명
윤이샘님 안돼 못헤어져ㅠㅠ 나버리지마요ㅠㅠ,10:06,127616,4개월 전,오요,구독자 12.2만명
[러스트] 괜찮아요! 제가 지켜드릴게요! 똘복님!!!! (주머니 뒤적뒤적),10:01,45887,4개월 전,오요,구독자 12.2만명
아 이래서 인기가 많으면 피곤하다니까..ㅎ,10:01,111876,4개월 전,오요,구독자 12.2만명
드디어 투보님께 제 속마음을...,6:46,71697,4개월 전,오요,구독자 12.2만명
🌙 오요  ASMR 🌙 [3만 구독자 기념],10:38,86369,4개월 전,오요,구독자 12.2만명
조그마한 아기강아지 코시...,10:32,215226,4개월 전,오요,구독자 12.2만명
블개님께 고백 했습니다..,11:05,417073,4개월 전,오요,구독자 12.2만명
모든 장면이 주옥같은 공포게임 [2편],53:07,16013,4개월 전,오요,구독자 12.2만명
모든 장면이 주옥같은 공포게임 [1편],1:00:01,39860,4개월 전,오요,구독자 12.2만명
[오요] 7월 상반기 핫클립! 병아리 너무조아 ♥♥,5:11,78730,4개월 전,오요,구독자 12.2만명
흑끅 잘못했어요 선생님..ㅜ (w. 뷜랑),8:12,41317,4개월 전,오요,구독자 12.2만명
생일인데 정말 아무도 챙겨주지 않았다ㅠ엉엉ㅠㅠㅠ,12:51,72645,4개월 전,오요,구독자 12.2만명
[오요] 6월 하반기 핫클립! 살짝 맵나..?,6:12,80337,4개월 전,오요,구독자 12.2만명
나 잘 뽑은거 맞겠지...하........,10:15,81563,4개월 전,오요,구독자 12.2만명
"타락해버렸습니다,,",9:20,192057,5개월 전,오요,구독자 12.2만명
[오요] 6월 상반기 핫클립!,6:09,114661,5개월 전,오요,구독자 12.2만명
?! 나한테는 그런거 없는데..,13:12,123258,5개월 전,오요,구독자 12.2만명
(쫄보주의) 공포게임하다가 그만..ㅠㅠㅠㅠㅠㅠ,10:01,105975,5개월 전,오요,구독자 12.2만명
내 주변에 돈 많은 나만 보는 남자친구?!,11:31,162042,5개월 전,오요,구독자 12.2만명
오요가 배그 1등을 했다..?! 일본인 친구랑! (W.유카),10:17,53290,5개월 전,오요,구독자 12.2만명
뭔가 많이 잘못된 합방 ㅎㄷㄷ (w.김쯔네),12:29,88527,5개월 전,오요,구독자 12.2만명
술 먹어서 못할 줄 알았어요? [2편],5:14,125850,5개월 전,오요,구독자 12.2만명
"이슬톡톡 두 캔으로 누가 취,,헤헤헿 [1편]",6:51,200136,5개월 전,오요,구독자 12.2만명
나에게는 너무 어려운 휴먼 폴 플랫 ..ㅠ,10:54,274448,6개월 전,오요,구독자 12.2만명
안녕하세요 오요입니다!,8:00,309829,6개월 전,오요,구독자 12.2만명
